{"0": {"train_loss": 1.2796458005905151, "train_acc": 56.0, "val_loss": 0.9397998452186584, "val_acc": 71.42857360839844, "best_prec1": 39.14848889889128}, "1": {"train_loss": 1.0930438041687012, "train_acc": 48.0, "val_loss": 0.943209707736969, "val_acc": 57.14285659790039, "best_prec1": 46.54633222163925}}